Space 이름,UNCATEGORIZED
# Digital Content 사업부View,/display/DCB
# Platform사업부문 HomeView,/display/platformBizCommon
'16년 O2O사업부문 하계인턴 SpaceView,/display/1OS
'16년 지식 ConferenceView,/display/1C
(old) Mobile Platform개발팀View,/display/mobileswdev2
10. GA 관리View,/display/10GA
11 Pay Operation TeamView,/display/SyrupPayOperationTeam
18년도 T.E.A.M 프로그램View,/display/1TT
20180619 OCB POC 지연현상View,/display/2OP
[금보원 교육] 금융권 취약점 점검 방법론의 이해 (2018.10.17~19)View,/display/2018101719
A/B Test TFView,/display/ABT
AdminView,/display/ADMININFO
Agile Coach TogetherView,/display/ACTTX
AuthView,/display/AUTH
B2B사업팀View,/display/B2BB
BI System Development TeamView,/display/BIS
BI 추진단 공통View,/display/BI
BI_SyrupWalletView,/display/BISYW
Bitbucket 데이터이관 프로젝트View,/display/BITM
BizWeeklyView,/display/BizWeekly
Biz기획Unit_NewView,/display/BIZ01
Biz본부WeeklyView,/display/F41000WK
BI분석지원View,/display/Khub
BI전략팀View,/display/BizAG
BLOG 스페이스 생성View,/display/BLOG
Can MeetingView,/display/CMTX
CDPF Targeting DevView,/display/CTPFTGTDEV
CLEATView,/display/CLEAT
Cloud 팀View,/display/CT
Cloud기술개발팀View,/display/CTD
Comm.Innovation 본부View,/display/CI
Commerce Product 부문View,/display/CPOMonthlyWeekly
CRM팀View,/display/CRM
CS System팀View,/display/csdev
CV운영팀View,/display/CV
DA 본부 공통View,/display/DA
DA 본부 위클리View,/display/DAweekly
Data Analysis Service GroupView,/display/DAS
Data Science UnitView,/display/DSU
Data Science Unit 공통View,/display/cpsds
DeliveryView,/display/DEL
Demonstration SpaceView,/display/ds
Digital Marketing PlatformView,/display/MDMP
DMPView,/display/DMP
DMP 사용 가이드View,/display/DMPGUIDE
DOCUMENT 스페이스 생성View,/display/DOC
End to End PerformanceView,/display/ETEP
FavoriteView,/display/FAV
FEView,/display/FE
FSB _ shop.11st.co.kr / soffice.11st.co.krView,/display/FSS
GA App 화면 정의View,/display/GAAPP
Galleon - DeprecatedView,/display/GD
Gifticon_APIView,/display/GIFTAPI
Global추진 UnitView,/display/11GLOB
GMS ProjectView,/display/GMS
go goView,/display/golang
HCI Survey ProjectView,/display/HSP
Home Screen사업팀View,/display/LT
I-Store 기술개발팀View,/display/tagtf
IMPAY Operation TeamView,/display/IOT
Infra기획팀View,/display/INFRAght
ISMSView,/display/ISMS
IT 보안진단관리View,/display/SECDIG
IT보안감사View,/display/ITAudit
IT팀 개인정보보호View,/display/PIA
IT팀 보안운영실View,/display/IIP
IT팀 보안진단View,/display/SKPIVA
JavascriptView,/display/JS
Knowledge 스페이스View,/display/KNOW
kubelabView,/display/kubelab
LBS UX Design팀View,/display/SUX
LBS 기술개발그룹View,/display/ostechdev
LBS사업팀View,/display/lbsbd2
LC TFView,/display/LCTF
ListView,/display/LIST
Marketing Insight TeamView,/display/MIT
Marketing Technology 사업개발팀View,/display/MTBD
Marketing 기획팀View,/display/mc
Marketing본부View,/display/MAR
MARSView,/display/MARS
Master ansibleView,/display/ansible
MD3본부View,/display/LifeplusDept
Mobile Marketing Biz 그룹View,/display/MMB
Mobile SW DEVView,/display/wonderland
MP마케팅전략UnitView,/display/MPUN
MP부문Weekly테스트View,/display/MPWEEKTST
MTC팀View,/display/MicroTargetingCommunication
MT본부 위클리View,/display/MT
Music사업그룹View,/display/MUSICMATEBIZ
Network서비스팀View,/display/Network
Next OCB DWView,/display/ODR
NOCView,/display/NOC
NX개발그룹View,/display/NXD
NX본부 공통View,/display/NX
NX사업그룹View,/display/nxb
NX서비스그룹View,/display/NXS
O 그룹 협의체View,/display/O
O2O BD팀View,/display/CB
O2O사업기획팀View,/display/salesplanningsupportinggroup
O2O사업지원팀View,/display/sst
